model,seed,split,graph_idx,predicted_class,original_prob,fidelity_pos,fidelity_neg,sparsity,edge_fraction_kept,num_edges,edge_keep_ratio,runtime_sec
GCN,2,val,0,1,0.9246194362640381,0.9806953072547913,0.0,0.6956521739130435,0.30434782608695654,46,0.3,0.3312039375305176
GCN,2,val,1,1,0.9554849863052368,0.9817557334899902,0.0,0.7037037037037037,0.2962962962962963,54,0.3,0.33067893981933594
GCN,2,val,2,1,0.8014514446258545,0.906372606754303,0.0,0.7105263157894737,0.2894736842105263,38,0.3,0.3211691379547119
GCN,2,val,3,0,0.9361873865127563,0.3761965036392212,0.0,0.6956521739130435,0.30434782608695654,46,0.3,0.45213818550109863
GCN,2,val,4,1,0.8800563216209412,0.9166547060012817,0.0,0.7,0.3,50,0.3,0.3446080684661865
