model,seed,split,graph_idx,predicted_class,original_prob,fidelity_pos,fidelity_neg,sparsity,edge_fraction_kept,num_edges,edge_keep_ratio,runtime_sec
GCN,0,val,0,1,0.867588222026825,0.9273277521133423,0.0,0.7,0.3,50,0.3,0.3525352478027344
GCN,0,val,1,1,0.8693525791168213,0.9100083708763123,0.08867466449737549,0.7,0.3,50,0.3,0.32920026779174805
GCN,0,val,2,0,0.962061882019043,0.9172655344009399,0.007578253746032715,0.7083333333333333,0.2916666666666667,48,0.3,0.3251152038574219
GCN,0,val,3,1,0.9000988602638245,0.927559494972229,0.0,0.7058823529411764,0.29411764705882354,34,0.3,0.3190479278564453
GCN,0,val,4,0,0.7104199528694153,0.4803275167942047,0.15673965215682983,0.7142857142857143,0.2857142857142857,28,0.3,0.32872819900512695
