family,train_time_sec,val_inference_time_sec,test_inference_time_sec,preprocess_time_sec,total_pipeline_time_sec,val_accuracy,val_precision,val_recall,val_f1,val_auc,test_accuracy,test_precision,test_recall,test_f1,test_auc
Classic,0.10891376684109366,0.009694837033748576,0.009226769208908041,636.4842409292856,636.5931546961268,0.8055555555555555,0.8191262330738435,0.7750901442307692,0.776978719769395,0.9069711538461539,0.8161458333333332,0.8058656978234184,0.7927438446969696,0.7886827029898188,0.9192351904461279
GCN,1.3461216820610895,0.002401808897654164,0.002660764588250004,0.0,1.3461216820610895,0.6862139917695473,0.6930536643669813,0.6179131054131054,0.5956238037157815,0.7623308404558405,0.7402777777777778,0.7149167145689548,0.6759002057613168,0.6655475421024463,0.8226835484474373
GIN,1.41897361808353,0.0022914851153337927,0.0025899741384717684,0.0,1.41897361808353,0.7854938271604938,0.8087427864286525,0.7626602564102564,0.7576785156501556,0.9096509971509972,0.7981481481481482,0.8053244478172453,0.8044145155256266,0.7805706423841199,0.8895342312008978
