model,seed,split,graph_idx,predicted_class,original_prob,fidelity_pos,fidelity_neg,sparsity,edge_fraction_kept,num_edges,edge_keep_ratio,runtime_sec
GIN,1,val,0,1,0.9453575015068054,0.26648783683776855,0.769024983048439,0.7,0.3,50,0.3,0.27961087226867676
GIN,1,val,1,0,0.6266868114471436,0.935646116733551,0.0,0.6818181818181819,0.3181818181818182,22,0.3,0.2635519504547119
GIN,1,val,2,0,0.9980447292327881,0.9662514925003052,0.0019484162330627441,0.6818181818181819,0.3181818181818182,22,0.3,0.27297377586364746
GIN,1,val,3,1,0.9245216250419617,0.2539501190185547,0.7596667259931564,0.7,0.3,50,0.3,0.2800719738006592
GIN,1,val,4,1,0.9245216250419617,0.24523814022541046,0.768600195646286,0.7,0.3,50,0.3,0.5534050464630127
