model,seed,split,graph_idx,predicted_class,original_prob,fidelity_pos,fidelity_neg,sparsity,edge_fraction_kept,num_edges,edge_keep_ratio,runtime_sec
GIN,0,val,0,1,0.9843389987945557,0.017600398510694504,0.3834623098373413,0.7,0.3,50,0.3,0.2876160144805908
GIN,0,val,1,1,0.9770272970199585,0.01818918064236641,0.623821496963501,0.7,0.3,50,0.3,0.27925825119018555
GIN,0,val,2,0,0.7440924048423767,0.9562879800796509,0.32655152678489685,0.7142857142857143,0.2857142857142857,28,0.3,0.26698899269104004
GIN,0,val,3,0,0.9297891855239868,0.980830729007721,0.0,0.7083333333333333,0.2916666666666667,48,0.3,0.2748680114746094
GIN,0,val,4,0,0.7654171586036682,0.969820499420166,0.0,0.7,0.3,40,0.3,0.2681417465209961
