model,seed,split,graph_idx,predicted_class,original_prob,fidelity_pos,fidelity_neg,sparsity,edge_fraction_kept,num_edges,edge_keep_ratio,runtime_sec
GIN,2,val,0,1,0.9783746600151062,0.32720860838890076,0.6656319797039032,0.6956521739130435,0.30434782608695654,46,0.3,0.2846698760986328
GIN,2,val,1,1,0.9819173216819763,0.3260873854160309,0.6510740518569946,0.7037037037037037,0.2962962962962963,54,0.3,0.28388404846191406
GIN,2,val,2,1,0.8936434388160706,0.32933977246284485,0.40869587659835815,0.7105263157894737,0.2894736842105263,38,0.3,0.2780442237854004
GIN,2,val,3,0,0.6655265092849731,0.6729125380516052,0.0,0.7142857142857143,0.2857142857142857,28,0.3,0.2720980644226074
GIN,2,val,4,0,0.6899556517601013,0.671904444694519,0.014162719249725342,0.6818181818181819,0.3181818181818182,22,0.3,0.27088308334350586
