model,layers,val_accuracy,val_precision,val_recall,val_f1,val_auc,val_inference_time_sec
GCN,2,0.66820987654321,0.6683664669571532,0.5899305555555556,0.5554403538527874,0.7581730769230769,0.00208191076914465
GCN,3,0.6898148148148148,0.6999689512557159,0.6232371794871795,0.6059571349711562,0.7628205128205129,0.002370887332492353
GCN,4,0.7006172839506173,0.7108255748880749,0.6405715811965812,0.6254739223234007,0.7659989316239316,0.002752628591325489
GIN,2,0.7530864197530864,0.7905501123332006,0.7189636752136752,0.71090488814127,0.8934561965811967,0.001960761017269511
GIN,3,0.7978395061728395,0.821009178729767,0.7772702991452991,0.7756306643405811,0.9098023504273505,0.0022538635465833416
GIN,4,0.8055555555555556,0.8146690682229898,0.7917467948717949,0.786499994468616,0.9256944444444445,0.002659830782148525
