model,dropout,test_accuracy,test_precision,test_recall,test_f1,test_auc,test_inference_time_sec
GCN,0.0,0.7472222222222222,0.741149424513395,0.6869212962962963,0.688070065268573,0.8182856341189675,0.0027199917369418137
GCN,0.2,0.7569444444444444,0.7573774504195686,0.7005401234567902,0.7011194804216757,0.8283305274971942,0.002656572394900803
GCN,0.75,0.7166666666666667,0.6462232687739009,0.6402391975308642,0.6074530806170899,0.8214344837261504,0.0026057296329073973
GIN,0.0,0.7944444444444445,0.8037610527467983,0.7957561728395062,0.7733990953945303,0.8938176907968575,0.0025822718938191195
GIN,0.2,0.7875000000000001,0.796030941190255,0.790817901234568,0.7681488949590958,0.8895608866442201,0.0025402704874674
GIN,0.75,0.8125,0.8161813495146828,0.8266694725028059,0.8001639367987335,0.8852241161616161,0.002647380034128786
