model,dropout,val_accuracy,val_precision,val_recall,val_f1,val_auc,val_inference_time_sec
GCN,0.0,0.691358024691358,0.7354085116952764,0.6287660256410256,0.6154777516983914,0.7603365384615385,0.0025171637535094608
GCN,0.2,0.6975308641975309,0.7271426875593542,0.6353899572649573,0.6249753738496867,0.7610844017094017,0.0023356080055236417
GCN,0.75,0.6697530864197531,0.6166097938463134,0.5895833333333333,0.5464182855992663,0.7655715811965812,0.002352654933929389
GIN,0.0,0.787037037037037,0.8113345940551823,0.7661858974358975,0.7581511028392804,0.9114850427350427,0.002372761567433625
GIN,0.2,0.7808641975308642,0.8116724880511645,0.7540064102564102,0.7485727568484106,0.9152777777777779,0.0022542741563584636
GIN,0.75,0.7885802469135803,0.8032212771796106,0.7677884615384616,0.7663116872627759,0.902190170940171,0.002247419622209289
