model,lr,val_accuracy,val_precision,val_recall,val_f1,val_auc,val_inference_time_sec
GCN,0.001,0.6635802469135803,0.6335059177992185,0.5849537037037037,0.548803701010062,0.7605413105413106,0.0024156173070271274
GCN,0.005,0.7088477366255144,0.7526014109347443,0.6508725071225071,0.642443906421501,0.7641203703703704,0.0023880004882812
GIN,0.001,0.7870370370370371,0.8040449648088538,0.760772792022792,0.7607289601369656,0.9068910256410256,0.0022781557506984687
GIN,0.005,0.7839506172839507,0.8134406080484512,0.7645477207977208,0.7546280711633458,0.9124109686609687,0.0023048144799691166
