model,hidden_dim,test_accuracy,test_precision,test_recall,test_f1,test_auc,test_inference_time_sec
GCN,32,0.7296296296296296,0.6759298360992547,0.6627057613168724,0.6407603442428917,0.8179124579124578,0.0025532289787574556
GCN,64,0.7509259259259259,0.753903593038655,0.6890946502057612,0.6903347399620008,0.8274546389824168,0.0027683001977425537
GIN,32,0.7972222222222222,0.8037212817441576,0.8070987654320988,0.7821512452801572,0.8845884773662552,0.0023716246640240186
GIN,64,0.799074074074074,0.8069276138903332,0.8017302656191545,0.7789900394880823,0.8944799850355406,0.0028083236129195187
