model,layers,test_accuracy,test_precision,test_recall,test_f1,test_auc,test_inference_time_sec
GCN,2,0.7277777777777777,0.7105983500575219,0.6529706790123457,0.6383128755662667,0.8119107744107744,0.0023205081621805305
GCN,3,0.7430555555555556,0.7139689796858915,0.6776234567901235,0.6709224536541154,0.8251420454545454,0.0025873515341016473
GCN,4,0.75,0.7201828139634512,0.6971064814814815,0.6874072970869567,0.8309978254769921,0.003074434068467836
GIN,2,0.7958333333333333,0.7955026262317929,0.789429012345679,0.7745943494195919,0.880814393939394,0.0021548006269666445
GIN,3,0.8055555555555556,0.8105989541957679,0.8149691358024691,0.7904727455780135,0.8915316358024692,0.0025401247872246166
GIN,4,0.7930555555555556,0.8098717630241752,0.8088453984287318,0.776644832154754,0.8962566638608305,0.003074997001224044
