model,lr,test_accuracy,test_precision,test_recall,test_f1,test_auc,test_inference_time_sec
GCN,0.001,0.7212962962962963,0.6714405866560149,0.645190329218107,0.6212984209031513,0.8120889450056117,0.002656097765322039
GCN,0.005,0.7592592592592593,0.7583928424818948,0.7066100823045268,0.709796663301741,0.833278151889263,0.0026654314111779704
GIN,0.001,0.8018518518518518,0.8019832919138474,0.8060769734380846,0.785393625242604,0.8810643471754582,0.0025275195086443426
GIN,0.005,0.7944444444444444,0.8086656037206432,0.8027520576131687,0.7757476595256356,0.8980041152263375,0.0026524287682991943
