model,hidden_dim,val_accuracy,val_precision,val_recall,val_f1,val_auc,val_inference_time_sec
GCN,32,0.6831275720164608,0.6627732455755331,0.6111111111111112,0.5825559754890653,0.7611111111111112,0.002269939140037202
GCN,64,0.6893004115226338,0.7233340831584295,0.6247150997150996,0.6086916319424976,0.7635505698005699,0.002533678655271126
GIN,32,0.7870370370370371,0.8108323638960895,0.7636752136752137,0.7597366302046608,0.9076745014245015,0.001943230628967239
GIN,64,0.7839506172839507,0.8066532089612155,0.7616452991452992,0.7556204010956507,0.9116274928774929,0.0026397396017003466
